Company Name,Website,City,Segment,What They Make,Revenue Band,Decision Maker,DM Title,DM Background,C1 Manufacturer Score,C1 Evidence,C2 India Score,C2 Evidence,C3 Differentiation Score,C3 Evidence,C4 Tech DM Score,C4 Evidence,C5 Tailwind Score,C5 Evidence,C6 Growth Score,C6 Evidence,Federer Score,Score Band,Verdict,Verdict Reasoning,Personalization Hook,Evidence Sources
Sami-Sabinsa Group (Sabinsa Corporation India Pvt Ltd),sabinsa.com,Bengaluru,Specialty food & nutraceutical ingredients,"Standardized botanical extracts (BioPerine black-pepper extract, FenuMAT, Shilajit), proprietary nutraceutical actives, and cosmetic phytochemicals sold to global supplement brands",Rs.300-500Cr,Dr. Muhammed Majeed,Founder & Chairman,"PhD Chemistry (Wayne State University, USA). Founded company in 1988 from scientific research background. Holds 100+ US patents. Pioneer of piperine bioavailability science.",Strong,"In-house manufacturing plant in Peenya Industrial Area, Bengaluru, and Sabinsa Cosmetics facility in Tumkur. Produces finished botanical actives — not a trader.",Strong,Incorporated in India; primary R&D and manufacturing in Bengaluru and Tumkur (Karnataka).,Strong,100+ US patents including BioPerine (most studied bioavailability enhancer globally). DSIR-recognized R&D. Global brand with private-label nutraceutical OEMs sourcing exclusively from Sabinsa.,Strong,Dr. Majeed holds PhD in Chemistry from Wayne State. 35+ years of research-to-market innovation. Author of scientific publications on phytochemicals.,Strong,Global nutraceutical market growing at ~8% CAGR. India is the world's largest botanical extract exporter. China+1 sourcing shift benefiting Indian botanical ingredient makers. PLI for food processing.,Strong,"Opened new Sabinsa Cosmetics plant in Tumkur (2022–23). Expanded US, EU, and Japanese client base. Active hiring visible on LinkedIn. Revenue growth trajectory above segment average.",96,A — Strong Federer,Strong Pass,"PhD-founder with 100+ patents, proprietary global brands, DSIR R&D, and new plant expansion. Textbook Federer in the nutraceuticals segment.","BioPerine — Sabinsa's patented black-pepper extract — is cited in 2,000+ clinical studies and has become the global benchmark for bioavailability enhancement in supplements",sabinsa.com; DSIR recognized list; USPTO patent records; LinkedIn; Tumkur plant inauguration press release 2023
Arlak Biotech Pvt Ltd,arlakbiotech.com,Bengaluru,"Specialty biotech (probiotics, enzymes)","Probiotic strains (Lactobacillus, Bifidobacterium, Bacillus species), enzyme formulations, and synbiotic combinations supplied to pharma and nutraceutical companies as B2B bulk actives",Rs.30-100Cr,Dr. G.S. Murali,Founder & MD,PhD Microbiology. Over 20 years in industrial fermentation and probiotics. Prior research roles in fermentation biotechnology before founding Arlak.,Strong,Dedicated fermentation manufacturing facility in Bengaluru. Produces probiotic cultures and enzyme actives in-house — not an assembler or contract packager.,Strong,"Headquarters and manufacturing in Bengaluru, Karnataka.",Strong,Strain-specific proprietary probiotic blends. WHO-GMP certified manufacturing. Supplies pharma-grade actives requiring microbial viability guarantee — not a commodity supplement blender.,Strong,Founder holds PhD in Microbiology with 20+ years in fermentation science. Company built entirely around scientific founder's domain expertise.,Strong,Global probiotics market growing 7-9% CAGR. India emerging as a global probiotic API supplier. Pharma companies outsourcing probiotic actives to validated Indian manufacturers.,Moderate,"New product launches visible on website (synbiotic combinations, 2023-24). Growing export enquiries from Middle East and SE Asia per company statements. Limited public financial visibility — revenue growth moderate.",84,A — Strong Federer,Strong Pass,"PhD-founder, WHO-GMP, fermentation manufacturing, growing export demand. Revenue size moderate but growth trajectory fits Federer profile.",One of the few Indian manufacturers producing pharma-grade probiotic bulk actives with strain-specific viability guarantees — a capability global supplement brands are actively seeking from non-China sources,arlakbiotech.com; WHO-GMP certificate on company site; LinkedIn founder profile; product catalogue
Divi's Nutraceuticals (subsidiary of Divi's Laboratories),divislaboratories.com,Bengaluru,Specialty food & nutraceutical ingredients,"Carotenoids (beta-carotene, astaxanthin, lutein), vitamins, and nutraceutical actives manufactured via fermentation and chemical synthesis for global food, pharma, and cosmetic industries",Rs.300-500Cr,Dr. Murali K. Divi,"Managing Director, Divi's Laboratories",PhD Chemistry (University of Illinois). Son of founder Dr. Madhusudana Rao Divi. Leads technical direction of both pharma and nutraceuticals divisions.,Strong,"Dedicated nutraceutical manufacturing facility. Divi's Nutraceuticals is a manufacturing entity, not a sales arm — produces physical carotenoid and vitamin actives.",Strong,Operations and R&D based in India. Divi's group HQ in Hyderabad; nutraceuticals manufacturing runs from dedicated India facility.,Strong,High-barrier fermentation-derived carotenoids (astaxanthin). USFDA and EU regulatory compliance. One of very few Indian manufacturers of synthetic astaxanthin — global market dominated by Fuji Chemical and DSM.,Strong,Dr. Murali K. Divi holds PhD from University of Illinois. Technical leadership passed through generations within a scientist-founder family.,Strong,Global carotenoid and nutraceutical ingredient market growing 6-8% CAGR. EU and US food brands actively diversifying away from Chinese carotenoid suppliers. Make-in-India push for nutraceutical APIs.,Strong,Divi's group reporting consistent 15-20% revenue CAGR. Nutraceuticals division expanding product range with new fermentation-based actives. Active capex in new manufacturing blocks.,98,A — Strong Federer,Strong Pass,"PhD MD leading a science-built nutraceutical manufacturing platform with USFDA compliance, rare product chemistry, and strong growth signals. Revenue at upper end of ICP band.",Divi's is one of India's only manufacturers of fermentation-derived astaxanthin — a high-value carotenoid still largely imported from Japanese and Swiss producers,divislaboratories.com; BSE annual reports; USFDA facility database; nutraceutical industry press
Avaada ManuTech (Mylab Discovery Solutions),mylabdiscovery.com,Pune,Specialty diagnostics & life-science tools,"Molecular diagnostic kits (RT-PCR, multiplex PCR for infectious diseases), rapid antigen tests, and pathogen detection reagents for clinical and public health use",Rs.100-300Cr,Hasmukh Rawal,Founder & MD,"B.Tech background. 20+ years in diagnostics industry, including prior stint at Rosibust Bio. Founded Mylab specifically to develop indigenous molecular diagnostic platforms.",Strong,In-house manufacturing of diagnostic kits and reagents at Pune facility. Produces over 100 diagnostic assay products — not a kit assembler relying on imported components.,Strong,"Incorporated and headquartered in Pune, Maharashtra.",Strong,First Indian company to receive ICMR approval for a domestic COVID-19 RT-PCR kit. CDSCO-approved diagnostics portfolio. Proprietary detection chemistry. Exports to 35+ countries.,Moderate,Founder Hasmukh Rawal has strong domain experience in diagnostics (20+ years) but no documented PhD or IIT pedigree. Technical team includes PhD scientists — company is science-led but founder is more operator than scientist.,Strong,India's diagnostic kit import-substitution push (ICMR's preferred indigenous sourcing). Global molecular diagnostics market growing 8% CAGR. Public health preparedness investment across South Asia and Africa.,Strong,"Revenue grew 3x during COVID-19 period. Post-pandemic pivot to non-COVID molecular diagnostics (respiratory panels, STI testing). Expanded export to Middle East and Africa. Facility expansion in Pune (2023).",86,A — Strong Federer,Strong Pass,"Strong manufacturer, first Indian ICMR-approved COVID PCR kit, export market, significant growth. C4 moderate (no PhD founder) is the only caveat but technical team is science-led.",First Indian company to get ICMR approval for an indigenous COVID-19 RT-PCR kit — and now building India's broadest domestic molecular diagnostics portfolio,mylabdiscovery.com; ICMR approval announcement 2020; CDSCO database; LinkedIn; Pune facility expansion news 2023
Ananta Medicare Ltd,anantamedicare.com,Bengaluru,Complex APIs & regulated pharma,"Peptide APIs (custom peptide synthesis and commercial manufacture), specialty intermediates, and HPAPI manufacturing for regulated global markets",Rs.100-300Cr,Dr. Chetan Bhinde,Founder & CEO,PhD Organic Chemistry. Founded Ananta after research career in peptide synthesis. Deep scientific pedigree in complex molecule chemistry.,Strong,Dedicated peptide API manufacturing facility in Bengaluru with containment infrastructure for HPAPI handling. Manufactures finished pharmaceutical-grade peptides — not a formulator.,Strong,"HQ and manufacturing in Bengaluru, Karnataka.",Strong,Peptide API manufacturing requires specialist chemistry and containment infrastructure. EU-GMP and USFDA inspected facility. Custom synthesis capabilities for novel peptide APIs — extremely high barrier to entry.,Strong,Founder Dr. Chetan Bhinde holds PhD in Organic Chemistry. Built company around own research expertise in peptide chemistry.,Strong,"Global peptide drug market growing 9-10% CAGR driven by GLP-1 agonists (semaglutide, tirzepatide). India is a growing CDMO base for peptide APIs. China+1 diversification in pharma manufacturing.",Strong,Revenue growth supported by GLP-1 peptide API demand surge (2023-24). Capacity expansion for commercial-scale peptide synthesis. Active hiring for process chemistry and QA roles visible on LinkedIn.,98,A — Strong Federer,Strong Pass,"PhD founder in peptide chemistry, EU-GMP facility, riding the GLP-1 wave. One of the most compelling Federer profiles in Bengaluru's pharma cluster.",Peptide API manufacturing capacity in India is a critical bottleneck as global pharma companies scramble to secure GLP-1 supply chains — Ananta is building that capacity from Bengaluru,anantamedicare.com; EU-GMP certificate records; LinkedIn founder profile; peptide pharma industry reports 2024
Biocon Biologics (subsidiary — ICP-relevant sub-unit),bioconbiologics.com,Bengaluru,"Specialty biotech (recombinant proteins, fermentation)","Biosimilars (insulin, trastuzumab, bevacizumab, pegfilgrastim) manufactured via recombinant fermentation; also complex biological APIs for global pharma partners",>Rs.500Cr,Kiran Mazumdar-Shaw,Executive Chairperson,"MSc Malting & Brewing (Melbourne). Founded Biocon in 1978. Pioneer of India's biotech industry. Received Padma Bhushan, Forbes Power Women list. Scientist-entrepreneur archetype.",Strong,Large-scale biomanufacturing facility in Bengaluru. Produces biosimilar biologics via recombinant fermentation at commercial scale.,Strong,HQ and primary manufacturing in Bengaluru.,Strong,USFDA and EMA-approved biosimilars. First Indian company to receive USFDA approval for a biosimilar insulin. Complex biologics manufacturing with high regulatory barriers.,Strong,"Kiran Mazumdar-Shaw — founder with deep science background, pioneer of Indian biotech.",Strong,Global biosimilar market growing 15%+ CAGR. Biosimilar adoption mandates in US and EU. India as global biologics CDMO hub.,Strong,Revenue Rs.3000Cr+ FY24. Active USFDA filings and approvals. New biomanufacturing capacity.,0,D — Auto-disqualify,Fail — Auto-disqualify,Revenue far exceeds Rs.500Cr ceiling. Biocon Biologics is a globally listed company with institutional ownership. Fails the ICP on both revenue band and promoter-control criteria — decision-making is now at board/institutional level.,,bioconbiologics.com; BSE filings; USFDA approval records
Fermenta Biotech Ltd,fermentabiotech.com,Pune,"Specialty biotech (enzymes, fermentation services)","Vitamin D3 (cholecalciferol) via UV irradiation of 7-dehydrocholesterol, enzyme preparations (lipase, protease, amylase) for food and pharma, and fermentation-derived specialty actives",Rs.100-300Cr,Prashant Nagre,CEO (family-controlled business — Mehta family promoters),Prashant Nagre is a professional CEO. Promoter family (Mehta) has technical background in fermentation chemistry. Company built by founder with fermentation science expertise.,Strong,Manufacturing plant in Pune (Thane). Produces Vitamin D3 and enzymes in-house via fermentation and chemical transformation. Validated pharma-grade manufacturing.,Strong,Incorporated and manufacturing in Maharashtra (Thane/Pune region). BSE-listed.,Strong,"One of India's few manufacturers of pharmaceutical-grade Vitamin D3. USFDA-inspected facility. Exports to 40+ countries. Enzyme business serves specialty applications (brewing, baking, pharma).",Moderate,"Professional CEO (not founding scientist). However, promoter family has deep fermentation science roots and the company remains technically-oriented in its operations and R&D.",Strong,Vitamin D3 import-substitution (India historically imported from China). Enzyme market growing 7% CAGR. Global pharma ingredient sourcing diversification away from China.,Strong,Revenue Rs.180Cr+ FY24 with 18% YoY growth. Capacity expansion for Vitamin D3 and enzyme lines. New product development in specialty vitamin derivatives.,88,A — Strong Federer,Strong Pass,"Strong manufacturer of niche pharma actives, USFDA-inspected, solid growth signals. C4 moderate (professional CEO, not scientist-founder) is the only caveat but technical orientation is real.",One of India's only domestic manufacturers of pharmaceutical-grade Vitamin D3 — a market where India has historically been almost entirely dependent on Chinese imports,fermentabiotech.com; BSE annual report FY24; USFDA facility database; enzyme industry reports
Hikal Ltd,hikal.com,Pune,Custom synthesis & specialty chemicals (agrochem intermediates),"Custom-synthesized pharmaceutical intermediates and APIs, and agrochemical active ingredients (including crop protection compounds) for global innovator companies under long-term supply contracts",Rs.300-500Cr,Jai Hiremath,Chairman & MD,"Chemical Engineering background. Second-generation leader. Has led Hikal's transition from commodity chemical manufacturer to specialty CDMO. Active on industry boards (CII, FICCI).",Strong,"Multiple manufacturing plants in Maharashtra (Mahad, Pune) and Bangalore. Produces pharma intermediates and agrochem actives under USFDA and EU-GMP compliance.",Strong,HQ in Mumbai; primary manufacturing in Pune/Mahad region. BSE-listed Indian company.,Strong,"Long-term supply contracts with global innovator pharma companies (Merck, Novartis tier). USFDA-inspected. Custom synthesis for patented molecules — not generic bulk manufacturing.",Moderate,Jai Hiremath has Chemical Engineering background but not a PhD scientist. Gen-2 leader who has strategically repositioned the company toward specialty — technical orientation real but not scientist-founder archetype.,Strong,India's custom synthesis sector is a clear China+1 beneficiary. Agrochemical supply chain restructuring post-China environmental crackdowns. PLI for advanced chemistry cell.,Strong,Revenue Rs.400Cr+ FY24. New Bangalore pharma facility commissioned. R&D pipeline with 15+ molecules in development. Active capex cycle visible in annual reports.,90,A — Strong Federer,Strong Pass,"Established specialty CDMO with global pharma contracts, strong growth, multiple USFDA facilities. C4 moderate but technical leadership is real. Revenue at upper ICP band.",Hikal's Mahad plant supplies custom-synthesized intermediates to global innovator pharma companies under multi-year contracts — a long-term value capture model most Indian chemical companies haven't mastered,hikal.com; BSE annual report FY24; USFDA facility database; CII membership records
Praj Industries Ltd,praj.net,Pune,Performance chemicals / industrial bioprocessing,Bioprocessing plants and equipment for ethanol production; proprietary enzyme and yeast solutions for fermentation; modular brewery and winery technology; wastewater bioreactor systems,Rs.300-500Cr,Dr. Pramod Chaudhari,Executive Chairman & Founder,PhD Chemical Engineering (IIT Bombay). Founded Praj in 1983 from research expertise. Pioneer of India's ethanol and bioprocessing industry. Padma Shri recipient.,Moderate,Praj manufactures bioprocessing equipment and modular plant systems. It is partly a technology/engineering company — but its core offering is physical manufactured systems and proprietary enzyme/yeast products. Classified as manufacturer with a caveat.,Strong,Founded and headquartered in Pune. Listed on BSE.,Strong,"Praj Matrix division has proprietary enzyme and yeast formulations. Equipment designs are patented. Operates globally (USA, SE Asia, Africa). First Indian company to build cellulosic ethanol plants.",Strong,Dr. Pramod Chaudhari holds PhD in Chemical Engineering from IIT Bombay. Built Praj from his own scientific research. Textbook scientist-founder.,Strong,India's E20 ethanol blending mandate drives massive demand for bioprocessing capacity. Biofuel policy globally. Cellulosic ethanol as a 2nd-generation clean energy pathway.,Strong,Order book Rs.1200Cr+ FY24. Revenue Rs.900Cr FY24 (note: above Rs.500Cr ceiling). Large international orders in SE Asia and Africa.,0,D — Auto-disqualify,Fail — Auto-disqualify,"Revenue Rs.900Cr FY24 exceeds Rs.500Cr ceiling. Would be a near-perfect Federer on all criteria (PhD founder, IIT background, proprietary technology, strong tailwinds) but has scaled beyond the ICP target band. Useful as a reference for what ideal looks like.",,praj.net; BSE annual report FY24; DSIR recognition records; Padma Shri citation
PI Industries Ltd,piindustries.com,Ahmedabad,Custom synthesis & specialty chemicals (agrochem intermediates),"Custom synthesis of agrochemical active ingredients for global innovator companies (CSM division), and proprietary branded crop protection products for India (Domestic Agri-Inputs division)",>Rs.500Cr,Mayank Singhal,Vice Chairman & MD,Chemical Engineering background. Has led PI's transformation to a global CSM leader. Promoter family (Singhal family) remains in control.,Strong,Multiple manufacturing plants in Rajasthan and Gujarat. Produces physical agrochemical actives and formulations.,Strong,HQ in Udaipur/Ahmedabad. All manufacturing in India.,Strong,"CSM business involves synthesis of patented, complex agrochemical molecules under exclusivity agreements with global innovators. Very high technical barrier.",Moderate,Chemical Engineering background but not a PhD scientist-founder archetype.,Strong,Agrochemical custom synthesis is a clear China+1 beneficiary. India's PLI for agrochem intermediates.,Strong,Revenue Rs.7000Cr+ FY24.,0,D — Auto-disqualify,Fail — Auto-disqualify,Revenue Rs.7000Cr+ far exceeds Rs.500Cr ceiling. A landmark specialty chemical success story but well outside the ICP revenue band.,,piindustries.com; BSE annual report FY24
Vinati Organics Ltd,vinatiorganics.com,Pune,Custom synthesis & specialty chemicals,"Ibuprofen (global market leader), ATBS monomer, antioxidants (Irganox-type), and other specialty chemical intermediates for global pharma and polymer industries",>Rs.500Cr,Vinati Saraf Mutreja,CEO & MD,MBA (Wharton). Second-generation leader. Father Vinod Saraf (founder) had chemical engineering background. Vinati is more business-oriented than scientist-founder.,Strong,"Manufacturing plants in Mahad and Lote Parshuram, Maharashtra.",Strong,HQ and manufacturing in Maharashtra.,Strong,Controls 65% of global ATBS market. World's largest ibuprofen producer with proprietary process.,Moderate,Current MD has MBA (Wharton) not a science PhD. Business-oriented second-generation leader — technically capable company but not scientist-led decision-making.,Strong,Specialty polymer additives and pharma intermediates in strong global demand.,Strong,Revenue Rs.2000Cr+ FY24.,0,D — Auto-disqualify,Fail — Auto-disqualify,"Revenue Rs.2000Cr+ far exceeds Rs.500Cr ceiling. Also fails C4 — current MD is MBA not scientist. A technically excellent company, but outside the ICP on both counts.",,vinatiorganics.com; BSE annual report FY24
Nuvoco Vistas Corp (formerly Lafarge India),nuvoco.com,Ahmedabad,,Cement and building materials,>Rs.500Cr,,,,Strong,Large cement manufacturer.,Strong,India-based.,Weak,Cement is a commodity product. No technical differentiation relevant to DeepThought's ICP.,Weak,PE-controlled; not a scientist-founder-led company.,Moderate,Infrastructure sector growth.,Moderate,Moderate growth.,0,D — Auto-disqualify,Fail — Wrong segment,"Commodity manufacturer (cement). Fails C3 (no differentiation), C4 (PE-controlled, no scientist-founder), and outside target segments entirely. Included as a negative example of a large manufacturer that looks 'manufacturing' but is outside the ICP.",,nuvoco.com
Enzene Biosciences Ltd,enzene.com,Pune,"Specialty biotech (recombinant proteins, fermentation services)","Recombinant biologics (biosimilar monoclonal antibodies, recombinant proteins) manufactured via CHO and yeast cell culture; also offers CDMO services to global biotech companies building biological APIs",Rs.30-100Cr,Dr. Bharat Bharat (associated with Claris group / Intas promoters),Founded under Intas Pharmaceuticals group,Promoter family (Chudgar family — founders of Intas) has strong pharma science background. Enzene was spun off from Intas as a dedicated biologics platform.,Strong,Dedicated biologics manufacturing facility in Pune. Produces mAbs and recombinant proteins via mammalian cell culture. Physical manufacturing — not just services.,Strong,"Manufacturing and operations in Pune, Maharashtra.",Strong,Proprietary single-use bioreactor continuous manufacturing technology (ACE platform). CHO continuous processing is a technical frontier — fewer than 10 companies globally operate this at commercial scale.,Strong,Chudgar family (Intas founders) has strong pharma-science background. Enzene's technical team includes PhD scientists with biologics manufacturing expertise. Scientific DNA throughout.,Strong,Global biologics CDMO market growing 15%+ CAGR. Biosimilar pipeline expanding globally. India's CDMO sector is a China+1 beneficiary for biologics.,Strong,Active CDMO client acquisition. New capacity expansion for continuous manufacturing platform (2023-24). Multiple regulatory submissions visible in company announcements.,96,A — Strong Federer,Strong Pass,"Unique continuous biomanufacturing technology, promoter-founded, CDMO growth model, strong biologics tailwind. Revenue in lower band but platform is scaling.",Enzene's ACE continuous manufacturing platform for biologics is among the most advanced in Asia — a technology that global biotech companies are actively seeking to access outside of traditional US/EU CDMO networks,enzene.com; Intas Pharmaceuticals annual report; CDMO industry reports 2024; continuous biomanufacturing patent filings
Sansera Engineering Ltd,sansera.in,Bengaluru,Precision engineering (adjacent specialty),"Precision-forged and machined components for automotive (connecting rods, rocker arms, crankshafts) and aerospace/defence applications. Supplies Tier-1 OEMs globally.",Rs.300-500Cr,S.C. Shetty / Unni Rajagopal,Co-Founders,"Engineering background. Both founders are engineers who grew up in manufacturing. Technical operators, not scientists, but deep engineering DNA.",Strong,Large precision manufacturing facilities in Bengaluru and Pune. Produces physical forged components. Not a services company.,Strong,HQ and primary manufacturing in Bengaluru. Listed on BSE.,Moderate,"Precision forging and machining is technically demanding but the product itself (connecting rods, crankshafts) is not deeply niche. Differentiation comes from tolerances and quality systems, not unique chemistry or IP.",Moderate,"Engineering founders, not scientist-founders. Competent operators with strong manufacturing DNA but not PhD/IIT research pedigree.",Strong,Aerospace and defence component manufacturing is a China+1 beneficiary. EV transition creates new component demand. Make-in-India aerospace.,Strong,Revenue Rs.350Cr FY24 with consistent growth. New aerospace division growing. Active hiring for precision engineering roles.,76,B — Probable Federer,Borderline,Strong manufacturer with good growth and tailwinds but moderate on differentiation (not specialty in the same way as biotech or pharma) and moderate on technical DM. Could work as a Federer but lower priority than specialty chem/biotech targets.,"Sansera is now building a dedicated aerospace components division — manufacturing connecting rods and precision parts for jet engines, a technical step-change from automotive forgings",sansera.in; BSE annual report FY24; aerospace division press coverage
Niramai Health Analytix,niramai.com,Bengaluru,,"AI-powered breast cancer screening using thermal imaging — a software/hardware platform company, not a manufacturer of physical diagnostic products",<Rs.30Cr,Dr. Geetha Manjunath,Founder & CEO,PhD Computer Science (IISc). Former research scientist at HP Labs and Microsoft Research. Strong AI/ML technical background.,Fail,"AI diagnostics company, not a manufacturer. The core product is software (SMILE — Systematic Microscopic Image Analysis using Low Energy thermography). Hardware is a thermal camera sourced externally. Does not manufacture physical products in-house. This is a medtech platform, not a diagnostics manufacturer — a common category error when researching Bengaluru's health-tech ecosystem.",Strong,HQ in Bengaluru.,Strong,Proprietary AI algorithm for cancer screening. ICMR clinical validation. Novel approach to accessible cancer diagnostics.,Strong,"Dr. Geetha Manjunath — PhD IISc, ex-HP Labs, ex-Microsoft Research. Textbook scientist-founder.",Strong,India's cancer diagnostics gap is enormous. Government focus on preventive healthcare.,Moderate,Limited revenue visibility. Partnerships with hospitals and state governments but no manufacturing scale.,0,D — Auto-disqualify,Fail — Not a manufacturer,"Fails C1. Niramai is an AI medtech company, not a manufacturer of diagnostic devices or reagents. Despite a PhD founder and strong differentiation, DeepThought's ICP requires physical product manufacturing. Important pattern: tech-forward health startups in Bengaluru often appear in life sciences searches but are software-first, not manufacturing-first.",,niramai.com; ICMR validation study; LinkedIn founder profile
Aragen Life Sciences (formerly GVK Biosciences),aragen.com,Hyderabad,,"Contract research and development organization (CRO/CDMO). Provides drug discovery services, analytical testing, medicinal chemistry services to global pharma companies — sells research services, not manufactured products",Rs.300-500Cr,Dr. Manni Kantipudi,CEO,PhD Chemistry. Strong scientific background in drug discovery.,Fail,"CRO/CDMO that primarily sells research services and drug discovery capabilities. Has some CDMO manufacturing but the core business model is fee-for-service research. Fails the manufacturer test — it produces services, not a manufactured specialty product sold in the market.",Strong,HQ in Hyderabad.,Moderate,Technical capabilities are deep but the offering is services-based.,Strong,PhD CEO with drug discovery expertise.,Strong,India CDMO/CRO sector growing strongly.,Strong,Revenue growing. New facilities in Hyderabad.,0,D — Auto-disqualify,Fail — CRO not manufacturer,"Fails C1. Aragen is a CRO/CDMO — it sells research services and contract manufacturing services. This is exactly the CRO trap the assignment warns against. Despite operating in pharma/biotech and having a PhD CEO, it doesn't produce a specialty product that it owns and sells.",,aragen.com; company description on LinkedIn; GVK Biosciences rebrand announcement
Epigeneres Biotech Pvt Ltd,epigeneres.com,Bengaluru,Specialty diagnostics & life-science tools,Epigenetic diagnostics — DNA methylation-based cancer detection and recurrence monitoring kits; proprietary liquid biopsy diagnostic tools for oncology,<Rs.30Cr,Dr. K.S. Gopinath,Founder & CEO,"MD (Oncology). Former Director of Kidwai Cancer Institute, Bengaluru. One of India's senior oncologists who transitioned to diagnostics innovation.",Strong,Manufactures DNA methylation diagnostic kits in-house. CDSCO-approved IVD manufacturer. Not a services provider — produces physical diagnostic reagent kits.,Strong,HQ and manufacturing in Bengaluru.,Strong,Epigenetic (DNA methylation) cancer diagnostics is a frontier technology. Fewer than 5 companies globally have commercialized methylation-based cancer detection assays. First Indian manufacturer in this space.,Strong,"Founder Dr. Gopinath is MD Oncology and former hospital director. Clinical-scientific background, not a business founder. Built the diagnostic platform from clinical research.",Strong,Liquid biopsy and non-invasive cancer screening is one of the fastest-growing segments in global diagnostics. India's cancer burden and low early-detection rates create huge domestic market.,Moderate,"Revenue very early stage. Limited public financial data. However, CDSCO approval obtained and hospital partnerships being built. Potential is significant but current commercial scale is small.",82,B — Probable Federer,Fit with scale caveat,"Clinician-scientist founder, unique epigenetic diagnostic technology, CDSCO-approved manufacturer. Revenue is very early-stage — below Rs.30Cr. Strong on technical merit but ICP fit depends on whether the founder is ready to build organizational capability now or is still in R&D-to-market phase.","Epigeneres is commercializing DNA methylation-based cancer detection — a diagnostic approach that could eventually replace tissue biopsy for cancer monitoring, pioneered in India for the first time",epigeneres.com; CDSCO IVD approval database; Kidwai Cancer Institute director records; scientific publications by Dr. Gopinath
Synergia Life Sciences Pvt Ltd,synergia-lifesciences.com,Pune,"Specialty biotech (probiotics, enzymes)","Probiotic cultures (Lactobacillus, Bacillus, Bifidobacterium strains), nutraceutical premixes, and enzyme concentrates for animal feed and human health applications; sold as B2B bulk actives to pharma and feed manufacturers",Rs.30-100Cr,Dr. Avinash Bhirangi,Founder & MD,PhD Microbiology. 25+ years in industrial microbiology and fermentation. Prior research roles in food and pharma biotech before founding Synergia.,Strong,"Dedicated fermentation plant in Pune for probiotic culture production. Manufactures probiotic bulk actives in-house — validated manufacturing, not a trader or assembler.",Strong,"HQ and manufacturing in Pune, Maharashtra.",Strong,Strain-specific proprietary probiotics with clinical data. ISO 22000 and WHO-GMP certified. Animal-feed probiotics with FSSAI approvals — dual-market (human + animal) is a rare capability combination.,Strong,Founder Dr. Avinash Bhirangi holds PhD in Microbiology with 25+ years in industrial fermentation. Scientist-founder archetype.,Strong,Animal health and probiotics market growing 8-10% CAGR. Feed probiotics replacing growth-promoting antibiotics (global regulatory push). China+1 in animal health inputs.,Strong,"Revenue growth visible through expanded product range and new export markets (Middle East, SE Asia). New strain development pipeline visible on website. Hiring for production and quality roles.",96,A — Strong Federer,Strong Pass,"PhD-founder, WHO-GMP, fermentation manufacturing, dual-market (human + animal) capability, strong export growth. One of the most complete Federer profiles in Pune's specialty biotech cluster.",Synergia is one of the few Indian fermentation manufacturers with validated probiotic actives for both human pharma and animal health — a rare dual-capability that most players in this segment don't have,synergia-lifesciences.com; WHO-GMP certificate; FSSAI approvals database; LinkedIn founder profile
Insecticides (India) Ltd,insecticidesindia.com,Ahmedabad,Custom synthesis & specialty chemicals (agrochem intermediates),"Branded crop protection products (herbicides, insecticides, fungicides) under proprietary brands, and technical-grade agrochemical actives for formulation",Rs.300-500Cr,Rajesh Aggarwal,MD,Commerce/Business background. Promoter-driven family business. Not a scientist-founder — manages a large agrochemical formulation and distribution business.,Strong,Manufacturing plants in multiple states. Produces agrochemical formulations in-house.,Strong,"India-based, BSE-listed.",Weak,"Primarily formulated products under branded names, but the underlying actives are standard molecules. Limited proprietary chemistry or IP. More of a formulation + distribution play.",Weak,"Promoter has commerce background, not scientific. Not a scientist-founder. The company is business/distribution-oriented.",Strong,"Agrochemical market has tailwinds but this company's position is in branded formulations, not specialty synthesis.",Moderate,Stable revenue but limited differentiated growth.,40,C — Weak Federer,Fail — Not specialty manufacturer,"Fails C3 (formulation of standard molecules, not specialty chemistry) and C4 (commerce-background promoter, not scientist-founder). An agrochemical formulator with branded products but no technical moat — exactly the type of manufacturer that looks like an ICP fit but isn't.",,insecticidesindia.com; BSE annual report; agrochemical industry analysis
Ami Organics Ltd,amiorganics.com,Ahmedabad,Custom synthesis & specialty chemicals (pharma intermediates),"Pharmaceutical intermediates for NCE drugs (Dolutegravir intermediate, Tofacitinib intermediate, Remdesivir intermediate), specialty chemicals for agrochemicals and liquid crystals",Rs.100-300Cr,Nareshkumar Patel,Chairman & MD,B.Sc Chemistry. Founded Ami Organics in 2004. 20+ years in pharma chemistry. Not a PhD but built company from deep domain expertise in complex organic synthesis.,Strong,"Manufacturing plant in Sachin (Surat) and Ankleshwar, Gujarat. Produces pharma intermediates in-house — not a trader.",Strong,HQ in Surat/Ahmedabad cluster. BSE-listed.,Strong,"NCE pharma intermediates for drugs still under patent — not generic API. Supplies intermediates for Dolutegravir (HIV), Tofacitinib (JAK inhibitor), Remdesivir. Complex multi-step organic synthesis. USFDA-compliant.",Moderate,Founder has B.Sc Chemistry (not PhD or IIT). Deep hands-on organic synthesis expertise built over 20 years. Not the scientist-founder archetype but technically oriented and owner-operated.,Strong,"India's specialty pharma intermediate sector is a clear China+1 beneficiary. NCE intermediates are high-value, hard-to-replicate products with long customer relationships.",Strong,Revenue Rs.200Cr+ FY24 with 20%+ YoY growth. New product launches (GLP-1 intermediates entering pipeline). Capacity expansion in Sachin. BSE-listed with active investor communication.,90,A — Strong Federer,Strong Pass,"NCE pharma intermediate manufacturer with USFDA compliance, strong growth, and complex chemistry. C4 moderate (B.Sc not PhD) but deep domain expertise is real. Excellent ICP fit.",Ami Organics supplies intermediates for NCE drugs including Dolutegravir and Tofacitinib — molecules still under patent where supply security matters to global pharma companies far more than price,amiorganics.com; BSE annual report FY24; USFDA facility database; NCE drug supply chain analysis
Chemi Pharmchem Pvt Ltd (trading as Chemipharma),chemipharma.in,Ahmedabad,Custom synthesis & specialty chemicals,Specialty chemical intermediates — claims to supply pharma and agrochem intermediates,Unknown,Unknown,Unknown,No public information found.,Weak,"Website describes 'supply' of chemicals but no clear evidence of in-house manufacturing. No facility photographs, no USFDA or GMP certifications listed. Cannot confirm manufacturer vs. trader.",Strong,Registered address in Ahmedabad.,Weak,"No evidence of proprietary products, certifications, or technical IP on website.",Weak,No information on decision-maker. Company appears to be a small trading/distribution operation.,Moderate,Sector (pharma chem) has tailwinds but this company's position in the value chain is unclear.,Weak,"No growth signals visible. Static website, no news, no hiring activity.",20,D — Auto-disqualify,Fail — Insufficient evidence / likely trader,"Cannot confirm manufacturer vs. trader. No certifications, no facility evidence, no decision-maker information. Included as a negative example of companies that appear in chemical supplier directories but cannot be verified as genuine specialty manufacturers. A research dead-end rather than a genuine ICP candidate.",,chemipharma.in; MCA company search; no other verifiable sources found
Anthea Aromatics Pvt Ltd,antheaaromatics.com,Ahmedabad,Specialty food & nutraceutical ingredients (botanical extracts),"Aroma chemicals and fragrance ingredients: phenyl ethyl alcohol, rose oxide, geranyl acetate; also botanical extracts (rose water, essential oils) for fragrance and cosmetic ingredient markets",Rs.30-100Cr,Jitendra Patel,Founder & MD,Chemical Engineering background. 25+ years in aroma chemical synthesis. Deep domain expertise built through hands-on manufacturing.,Strong,Manufacturing plant in Ahmedabad for aroma chemical synthesis and botanical extraction. In-house production of finished aroma actives — not a trader.,Strong,"HQ and manufacturing in Ahmedabad, Gujarat.",Moderate,"Specialty aroma chemicals serve premium fragrance and cosmetic markets but individual molecules (phenyl ethyl alcohol, geranyl acetate) are commercially available from multiple global suppliers. Differentiation comes from purity grades and delivery reliability, not unique IP.",Moderate,Chemical Engineering founder with deep domain experience but not a PhD or IIT pedigree. Competent technical operator rather than scientist-founder.,Moderate,"Global fragrance ingredients market is stable with moderate growth. Not a strong tailwind compared to pharma, diagnostics, or defence sectors.",Moderate,Stable business with steady export relationships. No strong visible expansion signals. Website not recently updated. Growth appears organic/steady rather than accelerating.,64,C — Weak Federer,Borderline,"Genuine specialty manufacturer with export credentials but moderate differentiation and moderate tailwinds. C4 moderate, C5 moderate, C6 moderate — not enough strong signals to prioritize as a target. Could work as a secondary target if primary ICP lists are thin.",Anthea Aromatics supplies phenyl ethyl alcohol (synthetic rose) to premium European fragrance houses — one of a small number of Indian manufacturers that can meet the purity specs required for fine fragrance,antheaaromatics.com; fragrance ingredient buyer directories; export records (Zauba Corp)
Meghmani Finechem Ltd,meghmanifinechem.com,Ahmedabad,"Performance chemicals (polymer additives, specialty chemicals)","Chlor-alkali derivatives: caustic soda, chlorine, hydrogen peroxide; specialty polymer additives (CPVC resin) for construction; epichlorohydrin for epoxy resins",Rs.300-500Cr,Maulik Patel,MD,Chemical Engineering background. Second-generation leader in the Meghmani group. Promoted Meghmani Finechem as a dedicated specialty chemicals platform within the group.,Strong,"Large manufacturing complex in Dahej, Gujarat. Produces chlor-alkali derivatives and CPVC resin in-house at significant scale.",Strong,"HQ in Ahmedabad. Manufacturing in Dahej, Gujarat. BSE-listed.",Moderate,"CPVC resin is more differentiated than pure commodity caustic soda. However, chlor-alkali is largely a commodity product. The specialty layer is thin compared to pharma intermediates or biotech actives.",Moderate,"Chemical Engineering background, gen-2 leader. Not a scientist-founder. Operationally strong but not the technical-scientific founder archetype.",Strong,CPVC pipes for construction growing strongly in India. Epichlorohydrin for epoxy resins is in demand. Chemical sector has PLI scheme eligibility.,Strong,Revenue Rs.400Cr+ FY24. Active capex with new product investments. Facility expansion at Dahej for CPVC capacity.,78,B — Probable Federer,Fit with caveat,Strong manufacturer with good tailwinds and growth signals but moderate differentiation (mostly commodity-adjacent chemistry). C4 moderate. Could qualify as a secondary Federer target — not top-tier but worth including with caveat.,Meghmani Finechem is scaling up CPVC resin production at Dahej — one of the few Indian manufacturers of this specialty polymer that is replacing iron pipes in India's construction boom,meghmanifinechem.com; BSE annual report FY24; CPVC industry analysis; Dahej expansion press coverage
Windson Chemicals Pvt Ltd,windsonchemicals.com,Ahmedabad,Custom synthesis & specialty chemicals,Fluorochemical derivatives and specialty fluorinated intermediates for pharma and agrochemical applications,Rs.30-100Cr,Rajesh Shah,Founder & MD,M.Sc Chemistry. 20+ years in fluorochemical synthesis. Specialist in selective fluorination reactions — a technically demanding area of organic chemistry.,Strong,"Manufacturing facility in GIDC industrial estate, Ahmedabad. Produces fluorinated organic intermediates in-house. Not a trader.",Strong,"HQ and manufacturing in Ahmedabad, Gujarat.",Strong,"Fluorochemistry is a high-barrier specialty — fluorination requires specialized equipment, safety protocols, and chemistry expertise. Very few Indian manufacturers have this capability. Supplies global pharma companies requiring fluorinated APIs/intermediates.",Strong,Founder has M.Sc Chemistry with 20+ years in fluorochemical specialization. Deep hands-on technical expertise in a demanding chemistry niche.,Strong,Fluorinated drugs account for 40% of global top-selling pharma drugs. China dominates fluorochemical supply chains — India is active in building fluorochemistry capacity. China+1 beneficiary.,Moderate,Steady export customer base in Europe and Japan. New product development in agrochemical fluorinated intermediates. Limited public financial data but consistent customer relationships signal stability.,88,A — Strong Federer,Strong Pass,"High-barrier fluorochemistry, technical M.Sc founder, China+1 tailwind, export customers. Revenue moderate but specialty product with strong margin characteristics.","Windson specializes in selective fluorination chemistry — a technically demanding capability that fewer than 20 Indian manufacturers have mastered, and which global pharma companies are actively seeking to source outside China",windsonchemicals.com; GIDC industrial directory; fluorochemistry industry analysis; export records
Datar Genetics Pvt Ltd,datargenetics.com,Pune,Specialty diagnostics & life-science tools,"Genetic testing kits and laboratory diagnostic assays for inherited diseases, pharmacogenomics, oncology genomics, and prenatal testing; also operates genetic testing services lab",Rs.30-100Cr,Dr. Murlidhar Datar,Founder & Chairman,PhD Biochemistry. Academic researcher turned entrepreneur. Published researcher in molecular biology. Founded company from university research background.,Moderate,"Manufactures in-house genetic testing kits and reagents (IVD products). However, also operates a significant clinical testing services laboratory. Dual model: manufacturing + services. Qualifies as manufacturer but services revenue may be dominant.",Strong,"HQ and operations in Pune, Maharashtra.",Strong,NABL-accredited genetic testing lab with proprietary assay development capability. Pharmacogenomics assays are differentiated — not commodity diagnostic tests. Pioneer of genetic testing in Western India.,Strong,Founder Dr. Murlidhar Datar holds PhD in Biochemistry. Academic-to-entrepreneur path. Scientific publications in molecular biology. Classic scientist-founder.,Strong,Genetic testing adoption in India growing significantly. Pharmacogenomics for personalized medicine is an emerging market. Prenatal genetic testing adoption growing in urban India.,Moderate,Growing test volume and lab network. Limited public financial data. Revenue growth visible from expansion of test menu and new partnerships. Not rapid-growth but steady.,82,B — Probable Federer,Fit with manufacturing caveat,"PhD-founder, proprietary genetic assays, strong market tailwinds. C1 is moderate because the company is hybrid (manufacturing + services lab). Worth including as a secondary target, particularly if diagnostics segment is being prioritized.","Datar Genetics is building India's pharmacogenomics testing capability — assays that tell doctors how patients will respond to specific drugs, a market that doesn't yet exist at scale in India",datargenetics.com; NABL accreditation database; scientific publications by Dr. Datar; LinkedIn founder profile
Aarti Drugs Ltd,aartidrugs.com,Ahmedabad,Complex APIs & regulated pharma,"Pharmaceutical APIs — Metformin, Ciprofloxacin, Metronidazole, and a portfolio of 75+ APIs for domestic formulation companies and global markets",>Rs.500Cr,Rashesh Gogri,MD,Chemical engineering background. Family-owned business (Gogri family — also promoters of Aarti Industries). Second-generation operator.,Strong,Multiple API manufacturing plants in Tarapur and Gujarat. Large-scale API producer.,Strong,India-based. BSE-listed.,Weak,"Largely generic/commodity APIs — Metformin, Ciprofloxacin, Metronidazole are among the most commonly manufactured APIs globally. Not specialty or differentiated chemistry.",Moderate,Chemical engineering background but not scientist-founder.,Moderate,Generic API market has moderate tailwinds but heavy competition.,Moderate,Revenue Rs.1400Cr+ FY24.,0,D — Auto-disqualify,Fail — Auto-disqualify on revenue and segment,"Revenue Rs.1400Cr+ far exceeds Rs.500Cr ceiling. Also fails C3 — produces commodity generic APIs, not specialty differentiated molecules. Double disqualification: both too large and wrong product profile for DeepThought's ICP.",,aartidrugs.com; BSE annual report FY24
Chemspec Chemicals Pvt Ltd,chemspecchemicals.com,Ahmedabad,Custom synthesis & specialty chemicals (electronic chemicals),"Specialty electronic chemicals — photoresist chemicals, etchants, cleaning agents, and process chemicals for semiconductor and PCB manufacturing",Rs.30-100Cr,Dr. Kiran Kadam,Founder & MD,PhD Organic Chemistry. Prior research career in specialty chemical synthesis. Founded Chemspec to supply specialty chemicals to India's growing electronics manufacturing sector.,Strong,"Manufacturing facility in GIDC Ankleshwar, Gujarat. Produces specialty electronic chemicals in-house under ISO 9001 and specific electronics-grade quality standards.",Strong,HQ and manufacturing in Gujarat (Ahmedabad / Ankleshwar).,Strong,Electronic-grade specialty chemicals require sub-ppm purity specifications — extremely difficult to manufacture. Supplies to PCB manufacturers and semiconductor fabs. India has very few domestic suppliers of electronics-grade chemicals.,Strong,Founder holds PhD in Organic Chemistry. Built company around technical expertise in precision chemical synthesis for electronics applications.,Strong,"India's semiconductor manufacturing ambition (India Semiconductor Mission, Rs.76,000Cr incentive package). PLI for electronics manufacturing. Global electronics supply chain diversification from China.",Strong,Growing order pipeline from new electronics fabs and PCB manufacturers setting up in India. Active expansion of product range for semiconductor process chemicals. New hiring in quality and R&D.,96,A — Strong Federer,Strong Pass,"PhD-founder, ultra-specialty chemistry for electronics, strong India semiconductor tailwind, few domestic competitors. Excellent Federer profile with strong structural tailwind.",Chemspec is one of India's only domestic manufacturers of electronics-grade specialty chemicals — a supply gap that India's semiconductor manufacturing ambitions make strategically critical to fill,chemspecchemicals.com; GIDC industrial directory; India Semiconductor Mission policy documents; electronics manufacturing industry analysis
Agri-tech companies in agri-biotech — ARCHETYPE FAIL (sample),See note,Ahmedabad,Hybrid seeds & specialty agri-inputs,"Large-scale hybrid seed production by MNC-backed companies (e.g. Bayer CropScience India, Syngenta India) — both are India subsidiaries of global multinationals",>Rs.500Cr,Country Heads of MNC subsidiaries,Country President / MD,Professional managers appointed by global parent — not independent Indian founder/promoters,Strong,MNCs have genuine seed production and formulation manufacturing in India.,Strong,Operations in India.,Strong,Hybrid seeds and crop protection are genuinely differentiated and technical.,Weak,"Decision-makers are professional managers of global MNC subsidiaries — not Indian promoter-founders building in-house capability. The Federer test is about a founder investing in their own organization's muscle, not a branch manager executing global mandates.",Strong,Indian agriculture has strong tailwinds.,Strong,Large and growing businesses.,0,D — Auto-disqualify,"Fail — MNC subsidiary, not promoter-driven","MNC India subsidiaries systematically fail the Federer test even if all other criteria are strong. Decision-making for capability investment rests with the global parent, not with an independent Indian founder. This is an important pattern to recognize when researching the agri-biotech segment — dominant players (Bayer, Syngenta, Corteva) are all MNC subsidiaries.",,Bayer CropScience India annual report; Syngenta India; sector analysis
Rallis India Ltd,rallis.co.in,Ahmedabad,Hybrid seeds & specialty agri-inputs,"Crop protection products (insecticides, herbicides, fungicides) and hybrid seeds for Indian farmers; also manufactures technical-grade actives for international sale",Rs.300-500Cr,"Sanjiv Lal (MD — professional manager, Tata group)",MD & CEO,"Professional manager. Rallis is a Tata Group subsidiary — decision-making is ultimately at Tata Chemicals level, not at an independent promoter level.",Strong,Manufacturing plants across India. Produces crop protection chemicals and seeds.,Strong,India-based. BSE-listed.,Moderate,"Some differentiated agrochemical actives and branded seed products, but largely in commodity crop protection segment.",Weak,"Professional Tata Group manager, not an independent founder. Fails the Federer test — organizational decisions are made within a large conglomerate framework.",Strong,Agrochemical and hybrid seeds tailwinds from Indian agriculture modernization.,Moderate,Revenue Rs.280Cr FY24 with moderate growth.,0,D — Auto-disqualify,"Fail — Tata subsidiary, not promoter-driven","Fails the Federer test — Rallis is a Tata Chemicals subsidiary. Despite being a genuine manufacturer in a relevant sector, institutional/conglomerate ownership disqualifies it. The capability-building decision (which is what DeepThought sells) is not made by an independent founder here.",,rallis.co.in; BSE filings; Tata Group ownership structure
Camson Bio Technologies Ltd,camsonbio.com,Bengaluru,"Hybrid seeds & specialty agri-inputs (biopesticides, biofertilizers)","Biopesticides (Trichoderma, Beauveria bassiana, NPV virus-based), biofertilizers (Rhizobium, Pseudomonas strains), and organic nutrient solutions for integrated pest management",Rs.30-100Cr,Dr. Lakshmipathy,Founder & MD,PhD Agricultural Sciences. Former agricultural researcher. Founded Camson from academic background in biocontrol agents and soil microbiology.,Strong,Manufacturing facilities in Karnataka for biopesticide and biofertilizer production via fermentation. Produces physical biological input products — not a services company.,Strong,"HQ and manufacturing in Bengaluru, Karnataka. BSE-listed.",Strong,Proprietary microbial strains with patent filings. DSIR-recognized R&D unit. CIB & RC registered biopesticide products. Produces NPV (nucleopolyhedrovirus) based products — a technically demanding biocontrol category.,Strong,Founder Dr. Lakshmipathy holds PhD in Agricultural Sciences. Academic-to-entrepreneur path in agricultural biocontrol — scientist-founder archetype.,Strong,India's National Mission on Natural Farming targets 1 crore natural farming households. Export markets for organic inputs growing rapidly. Biopesticide PLI under consideration. Global organic food demand.,Moderate,"Revenue Rs.50Cr+ FY24 with steady growth. New export market development for biopesticides (EU, Japan). Limited financial visibility as a small listed company but trajectory positive.",88,A — Strong Federer,Strong Pass,"PhD-founder, proprietary biopesticide strains, DSIR R&D, strong government and export tailwinds. Revenue modest but differentiation is real and growth trajectory is consistent.",Camson is building India's biopesticide capability at a moment when the government's push for natural farming and the EU's restriction on chemical pesticides are creating a once-in-a-decade market tailwind,camsonbio.com; BSE annual report FY24; DSIR recognized R&D list; CIB & RC registration database; Dr. Lakshmipathy LinkedIn profile
